{"cameraMode":{"drawMode":0,"name":"Shaded","section":"Shading Mode"},"sceneLighting":true,"audioPlay":false,"sceneViewState":{"m_AlwaysRefresh":true,"showFog":true,"showSkybox":true,"showFlares":true,"showImageEffects":true,"showParticleSystems":true,"showVisualEffectGraphs":true,"m_FxEnabled":true},"in2DMode":false,"pivot":{"x":8.566859245300293,"y":-3.509185791015625,"z":-16.674575805664064},"rotation":{"x":0.018638715147972108,"y":0.9812859296798706,"z":-0.1416875571012497,"w":0.1290852576494217},"size":11.710745811462403,"orthographic":false}